local_path,bytes,source_url,full_res_original,used_on_pages
user_file/p1g3dm6t9offemo7bbn9q61619a.png,3592293,http://www.infinitematerialtech.com/user_file/p1g3dm6t9offemo7bbn9q61619a.png,yes,1
user_file/images/Gemini_Generated_Image_1mfil61mfil61mfi(1).png,1558171,http://www.infinitematerialtech.com/user_file/images/Gemini_Generated_Image_1mfil61mfil61mfi(1).png,-,1
user_file/p1jrsfe7qj1q9o12o1lt01db51kjb2q.png,1379216,http://www.infinitematerialtech.com/user_file/p1jrsfe7qj1q9o12o1lt01db51kjb2q.png,yes,17
user_file/images/สีกันไฟ.png,954750,http://www.infinitematerialtech.com/user_file/images/%E0%B8%AA%E0%B8%B5%E0%B8%81%E0%B8%B1%E0%B8%99%E0%B9%84%E0%B8%9F.png,-,1
user_file/p1d4hakgkh18of16gt1hd118ddckg7.png,739409,http://www.infinitematerialtech.com/user_file/p1d4hakgkh18of16gt1hd118ddckg7.png,yes,1
user_file/p1eu67jck1bbrr4i1c8a1l5mi4o1h.png,673263,http://www.infinitematerialtech.com/user_file/p1eu67jck1bbrr4i1c8a1l5mi4o1h.png,yes,13
user_file/p1eu674ukh1kc7dg08fo1r6l1g91v.png,533655,http://www.infinitematerialtech.com/user_file/p1eu674ukh1kc7dg08fo1r6l1g91v.png,yes,13
user_file/p1d4hm5u47pga12f79101nlv1eqj16.jpg,516866,http://www.infinitematerialtech.com/user_file/p1d4hm5u47pga12f79101nlv1eqj16.jpg,yes,1
user_file/p1faug6h0b1vl8u5q1eko1td71e19e.jpg,423425,http://www.infinitematerialtech.com/user_file/p1faug6h0b1vl8u5q1eko1td71e19e.jpg,yes,1
user_file/p1faufvabi1e871l8hahv1rva1j5f9.jpg,394046,http://www.infinitematerialtech.com/user_file/p1faufvabi1e871l8hahv1rva1j5f9.jpg,yes,13
user_file/p1j30pq00t1aon13m91j9n1doae199.jpg,351498,http://www.infinitematerialtech.com/user_file/p1j30pq00t1aon13m91j9n1doae199.jpg,yes,1
user_file/p1j30ppte91kidjq45ubergf6u7.jpg,349856,http://www.infinitematerialtech.com/user_file/p1j30ppte91kidjq45ubergf6u7.jpg,yes,13
user_file/images/i1.jpg,317238,http://www.infinitematerialtech.com/user_file/images/i1.jpg,-,1
user_file/p1j30pq2g01r012o81f8bfuj1om8b.jpg,303923,http://www.infinitematerialtech.com/user_file/p1j30pq2g01r012o81f8bfuj1om8b.jpg,yes,1
user_file/p1eunltfidtnmhq1rrf1fjm1s9kd.png,292249,http://www.infinitematerialtech.com/user_file/p1eunltfidtnmhq1rrf1fjm1s9kd.png,yes,17
user_file/p1j30qna826501r1u1nsp607g9rc.jpg,264123,http://www.infinitematerialtech.com/user_file/p1j30qna826501r1u1nsp607g9rc.jpg,yes,17
user_file/p1j30qmub9tui1lt614br10ks12sa7.jpg,259586,http://www.infinitematerialtech.com/user_file/p1j30qmub9tui1lt614br10ks12sa7.jpg,yes,17
user_file/p1eui94elhit21n29o6l66j1p9ts.png,255739,http://www.infinitematerialtech.com/user_file/p1eui94elhit21n29o6l66j1p9ts.png,yes,17
user_file/images/ดีไซน์ที่ยังไม่ได้ตั้งชื่อ_page-0001.jpg,245166,http://www.infinitematerialtech.com/user_file/images/%E0%B8%94%E0%B8%B5%E0%B9%84%E0%B8%8B%E0%B8%99%E0%B9%8C%E0%B8%97%E0%B8%B5%E0%B9%88%E0%B8%A2%E0%B8%B1%E0%B8%87%E0%B9%84%E0%B8%A1%E0%B9%88%E0%B9%84%E0%B8%94%E0%B9%89%E0%B8%95%E0%B8%B1%E0%B9%89%E0%B8%87%E0%B8%8A%E0%B8%B7%E0%B9%88%E0%B8%AD_page-0001.jpg,-,1
user_file/p1jrsb1asv1labap61df21k141hce7.png,231592,http://www.infinitematerialtech.com/user_file/p1jrsb1asv1labap61df21k141hce7.png,yes,13
user_file/p1eu66usor7m7dmc109t1n4118opq.jpg,174320,http://www.infinitematerialtech.com/user_file/p1eu66usor7m7dmc109t1n4118opq.jpg,yes,13
user_file/p1eukni06jc2q1bs17ni1enm1bhkp.png,174226,http://www.infinitematerialtech.com/user_file/p1eukni06jc2q1bs17ni1enm1bhkp.png,yes,17
user_file/p1d4cdo8ce1jk513fp19hu1drelesd.jpg,174119,http://www.infinitematerialtech.com/user_file/p1d4cdo8ce1jk513fp19hu1drelesd.jpg,-,64
user_file/p1euak1g8aruuqvv1fkt1kf91cvj3q.png,157064,http://www.infinitematerialtech.com/user_file/p1euak1g8aruuqvv1fkt1kf91cvj3q.png,yes,17
user_file/p1euaiq5tg34setd1s283ak1a7v31.png,148004,http://www.infinitematerialtech.com/user_file/p1euaiq5tg34setd1s283ak1a7v31.png,yes,17
user_file/p1jrvjodrvofnai821c1h102vi7.JPG,144381,http://www.infinitematerialtech.com/user_file/p1jrvjodrvofnai821c1h102vi7.JPG,yes,1
user_file/p1i1rf5flajji13md55mo651qr0c.jpg,142602,http://www.infinitematerialtech.com/user_file/p1i1rf5flajji13md55mo651qr0c.jpg,yes,17
user_file/p1euaka3ng1qbdn7rukrg561nrc44.png,139606,http://www.infinitematerialtech.com/user_file/p1euaka3ng1qbdn7rukrg561nrc44.png,yes,17
user_file/images/i2.jpg,134973,http://www.infinitematerialtech.com/user_file/images/i2.jpg,-,1
user_file/images/้พฟย้.JPG,123625,http://www.infinitematerialtech.com/user_file/images/%E0%B9%89%E0%B8%9E%E0%B8%9F%E0%B8%A2%E0%B9%89.JPG,-,1
user_file/p1euai7tbg1au2dec1j167m31scm22.png,122522,http://www.infinitematerialtech.com/user_file/p1euai7tbg1au2dec1j167m31scm22.png,yes,17
images/mapp.jpg,120466,http://www.infinitematerialtech.com/images/mapp.jpg,-,19
user_file/p1eu5jbm8c1f0p192oarjo3ikjn7.jpg,80353,http://www.infinitematerialtech.com/user_file/p1eu5jbm8c1f0p192oarjo3ikjn7.jpg,yes,13
images/qr2.jpg,60745,http://www.infinitematerialtech.com/images/qr2.jpg,-,64
images/qr.jpg,52997,http://www.infinitematerialtech.com/images/qr.jpg,-,64
user_file/p1eu674ukh1aq1l021p2nrm077010.jpg,40972,http://www.infinitematerialtech.com/user_file/p1eu674ukh1aq1l021p2nrm077010.jpg,yes,1
images/8.png,26094,http://www.infinitematerialtech.com/images/8.png,-,11
images/8-1-1.png,23224,http://www.infinitematerialtech.com/images/8-1-1.png,-,11
images/map.png,15939,http://www.infinitematerialtech.com/images/map.png,-,31
images/phone2.png,12268,http://www.infinitematerialtech.com/images/phone2.png,-,31
images/l.png,9246,http://www.infinitematerialtech.com/images/l.png,-,64
images/line04.png,8956,http://www.infinitematerialtech.com/images/line04.png,-,30
images/t.png,8321,http://www.infinitematerialtech.com/images/t.png,-,64
images/line_head.png,6016,http://www.infinitematerialtech.com/images/line_head.png,-,64
images/line_head2.png,5353,http://www.infinitematerialtech.com/images/line_head2.png,-,64
SysIMG/previous_2x_16_gray.gif,196,http://www.infinitematerialtech.com/SysIMG/previous_2x_16_gray.gif,-,14
SysIMG/next_2x_16_gray.gif,195,http://www.infinitematerialtech.com/SysIMG/next_2x_16_gray.gif,-,14
